테스트존,http://toscamp.com/map/mapviewer.php?map=test_zone&amplang=kr
테스트존 화이트,http://toscamp.com/map/mapviewer.php?map=test_qa&amplang=kr
테스트존 블루,http://toscamp.com/map/mapviewer.php?map=test_blue&amplang=kr
테스트존 메테리얼,http://toscamp.com/map/mapviewer.php?map=test_material&amplang=kr
연출용,http://toscamp.com/map/mapviewer.php?map=d_velniasprison_trackzone&amplang=kr
길드 아지트,http://toscamp.com/map/mapviewer.php?map=guildhouse&amplang=kr
페디미안,http://toscamp.com/map/mapviewer.php?map=c_fedimian&amplang=kr
클라페다,http://toscamp.com/map/mapviewer.php?map=c_Klaipe&amplang=kr
하이랜더 마스터의 도장,http://toscamp.com/map/mapviewer.php?map=c_highlander&amplang=kr
보코르 마스터의 집,http://toscamp.com/map/mapviewer.php?map=c_voodoo&amplang=kr
파이로맨서 마스터의 연구실,http://toscamp.com/map/mapviewer.php?map=c_firemage&amplang=kr
용병 의뢰소,http://toscamp.com/map/mapviewer.php?map=c_request_1&amplang=kr
오르샤,http://toscamp.com/map/mapviewer.php?map=c_orsha&amplang=kr
살러스 수녀원,http://toscamp.com/map/mapviewer.php?map=c_nunnery&amplang=kr
바린웰 85수역,http://toscamp.com/map/mapviewer.php?map=f_3cmlake_85&amplang=kr
바린웰 86수역,http://toscamp.com/map/mapviewer.php?map=f_3cmlake_86&amplang=kr
바린웰 87수역,http://toscamp.com/map/mapviewer.php?map=f_3cmlake_87&amplang=kr
별의 탑 1층,http://toscamp.com/map/mapviewer.php?map=d_startower_88&amplang=kr
별의 탑 4층,http://toscamp.com/map/mapviewer.php?map=d_startower_89&amplang=kr
별의 탑 5층,http://toscamp.com/map/mapviewer.php?map=d_startower_90&amplang=kr
별의 탑 20층,http://toscamp.com/map/mapviewer.php?map=d_startower_91&amplang=kr
별의 탑 21층,http://toscamp.com/map/mapviewer.php?map=d_startower_92&amplang=kr
외성벽 제 11구역,http://toscamp.com/map/mapviewer.php?map=f_castle_93&amplang=kr
내성벽 제 10구역,http://toscamp.com/map/mapviewer.php?map=f_castle_94&amplang=kr
외성벽 제 13구역,http://toscamp.com/map/mapviewer.php?map=f_castle_95&amplang=kr
외성벽 제 14구역,http://toscamp.com/map/mapviewer.php?map=f_castle_96&amplang=kr
외성벽 제 15구역,http://toscamp.com/map/mapviewer.php?map=f_castle_98&amplang=kr
도심성벽 제 10구역,http://toscamp.com/map/mapviewer.php?map=f_castle_97&amplang=kr
도심성벽 제 11구역,http://toscamp.com/map/mapviewer.php?map=f_castle_99&amplang=kr
내성벽 제 13구역,http://toscamp.com/map/mapviewer.php?map=f_castle_101&amplang=kr
도심성벽 제 12구역,http://toscamp.com/map/mapviewer.php?map=f_castle_100&amplang=kr
외성벽 제 16구역,http://toscamp.com/map/mapviewer.php?map=f_castle_102&amplang=kr
폐도 104,http://toscamp.com/map/mapviewer.php?map=f_dcapital_104&amplang=kr
발티넬 기념구,http://toscamp.com/map/mapviewer.php?map=f_dcapital_105&amplang=kr
글리헬 기념구,http://toscamp.com/map/mapviewer.php?map=f_dcapital_106&amplang=kr
프리넬 기념구,http://toscamp.com/map/mapviewer.php?map=f_dcapital_107&amplang=kr
폐도던전108,http://toscamp.com/map/mapviewer.php?map=d_dcapital_108&amplang=kr
폐도던전119,http://toscamp.com/map/mapviewer.php?map=d_dcapital_109&amplang=kr
폐도던전110,http://toscamp.com/map/mapviewer.php?map=d_dcapital_110&amplang=kr
폐도던전111,http://toscamp.com/map/mapviewer.php?map=d_dcapital_111&amplang=kr
폐도던전112,http://toscamp.com/map/mapviewer.php?map=d_dcapital_112&amplang=kr
은둔자의 통로,http://toscamp.com/map/mapviewer.php?map=p_cathedral_1&amplang=kr
지하통로 3,http://toscamp.com/map/mapviewer.php?map=p_cathedral_2&amplang=kr
뮬러스 통로,http://toscamp.com/map/mapviewer.php?map=p_catacomb_1&amplang=kr
지하통로 4,http://toscamp.com/map/mapviewer.php?map=p_catacomb_2&amplang=kr
미사용-샤울레이 동쪽 숲-past,http://toscamp.com/map/mapviewer.php?map=f_siauliai_est&amplang=kr
f_siauliai_11,http://toscamp.com/map/mapviewer.php?map=f_siauliai_11&amplang=kr
f_siauliai_15,http://toscamp.com/map/mapviewer.php?map=f_siauliai_15&amplang=kr
밀실,http://toscamp.com/map/mapviewer.php?map=f_katyn_13_2&amplang=kr
화살길,http://toscamp.com/map/mapviewer.php?map=f_katyn_13_3&amplang=kr
칼빛 분지,http://toscamp.com/map/mapviewer.php?map=f_katyn_17&amplang=kr
숙소,http://toscamp.com/map/mapviewer.php?map=barrack&amplang=kr
파이로맨서 룸,http://toscamp.com/map/mapviewer.php?map=barrack_2&amplang=kr
연회장,http://toscamp.com/map/mapviewer.php?map=barrack_noble&amplang=kr
주점,http://toscamp.com/map/mapviewer.php?map=barrack4&amplang=kr
오프닝 존,http://toscamp.com/map/mapviewer.php?map=opening_zone_1&amplang=kr
라이마 연출,http://toscamp.com/map/mapviewer.php?map=track_underfortress_59_2&amplang=kr
길드 아지트,http://toscamp.com/map/mapviewer.php?map=guild_agit_1&amplang=kr
길드 미션,http://toscamp.com/map/mapviewer.php?map=guild_mission_1&amplang=kr
로그인 화면,http://toscamp.com/map/mapviewer.php?map=login&amplang=kr
테스트2,http://toscamp.com/map/mapviewer.php?map=test_zone2&amplang=kr
블랙존,http://toscamp.com/map/mapviewer.php?map=black_zone&amplang=kr
보스 존,http://toscamp.com/map/mapviewer.php?map=boss_zone&amplang=kr
미션_테스트,http://toscamp.com/map/mapviewer.php?map=mission_test&amplang=kr
미니게임 존,http://toscamp.com/map/mapviewer.php?map=minigame_zone&amplang=kr
1시간별 미션 테스트1,http://toscamp.com/map/mapviewer.php?map=onehour_test1&amplang=kr
미션_테스트2,http://toscamp.com/map/mapviewer.php?map=mission_test2&amplang=kr
깃발뺏기,http://toscamp.com/map/mapviewer.php?map=mission_flag&amplang=kr
샤울레이 레이드,http://toscamp.com/map/mapviewer.php?map=raid_siauliai1&amplang=kr
수정광산 레이드,http://toscamp.com/map/mapviewer.php?map=onehour_cmine1&amplang=kr
카타콤 레이드,http://toscamp.com/map/mapviewer.php?map=id_catacomb_03&amplang=kr
가시숲 레이드,http://toscamp.com/map/mapviewer.php?map=raid_thorn1&amplang=kr
협곡지대 미션,http://toscamp.com/map/mapviewer.php?map=mission_rokas_01&amplang=kr
왕릉 미션,http://toscamp.com/map/mapviewer.php?map=mission_zachariel_01&amplang=kr
마법사의 탑 미션,http://toscamp.com/map/mapviewer.php?map=mission_firetower_01&amplang=kr
성당 미션,http://toscamp.com/map/mapviewer.php?map=mission_chaple_01&amplang=kr
칠채곡 미션,http://toscamp.com/map/mapviewer.php?map=mission_huevillage_01&amplang=kr
겔리고원 미션,http://toscamp.com/map/mapviewer.php?map=mission_gele_01&amplang=kr
여신상 수호,http://toscamp.com/map/mapviewer.php?map=mission_godnessdefence&amplang=kr
할로윈 이벤트,http://toscamp.com/map/mapviewer.php?map=id_catacomb_03_event&amplang=kr
케파 군단,http://toscamp.com/map/mapviewer.php?map=f_gele_kepa_event&amplang=kr
대지의 탑 롤로팬서 구간,http://toscamp.com/map/mapviewer.php?map=mission_groundtower_1&amplang=kr
대지의 탑 솔미키 구간,http://toscamp.com/map/mapviewer.php?map=mission_groundtower_2&amplang=kr
공성전 : 유적지대,http://toscamp.com/map/mapviewer.php?map=siege_warfare&amplang=kr
MissionInstance,http://toscamp.com/map/mapviewer.php?map=mission_instance&amplang=kr
무한맵,http://toscamp.com/map/mapviewer.php?map=infinite_map&amplang=kr
팀 배틀 리그 토너먼트,http://toscamp.com/map/mapviewer.php?map=pvp_tournament&amplang=kr
폐도 18_1,http://toscamp.com/map/mapviewer.php?map=f_dcapital_18_1&amplang=kr
폐도 18_2,http://toscamp.com/map/mapviewer.php?map=f_dcapital_18_2&amplang=kr
도심성벽 제 3구역,http://toscamp.com/map/mapviewer.php?map=d_castle_19_1&amplang=kr
도심성벽 제 4구역,http://toscamp.com/map/mapviewer.php?map=d_castle_19_2&amplang=kr
흰나무 22_1,http://toscamp.com/map/mapviewer.php?map=f_whitetrees_22_1&amplang=kr
흰나무 22_2,http://toscamp.com/map/mapviewer.php?map=f_whitetrees_22_2&amplang=kr
흰나무 22_3,http://toscamp.com/map/mapviewer.php?map=f_whitetrees_22_3&amplang=kr
나르바스 사원,http://toscamp.com/map/mapviewer.php?map=d_abbey_22_4&amplang=kr
나프탈리 수도원,http://toscamp.com/map/mapviewer.php?map=d_abbey_22_5&amplang=kr
사우시스 9관,http://toscamp.com/map/mapviewer.php?map=d_fantasylibrary_48_1&amplang=kr
사우시스 10관,http://toscamp.com/map/mapviewer.php?map=d_fantasylibrary_48_2&amplang=kr
발란디스 2관,http://toscamp.com/map/mapviewer.php?map=d_fantasylibrary_48_3&amplang=kr
발란디스 3관,http://toscamp.com/map/mapviewer.php?map=d_fantasylibrary_48_4&amplang=kr
발란디스 91관,http://toscamp.com/map/mapviewer.php?map=d_fantasylibrary_48_5&amplang=kr
바린웰 27수역,http://toscamp.com/map/mapviewer.php?map=f_3cmlake_27_1&amplang=kr
메이번 31수역,http://toscamp.com/map/mapviewer.php?map=f_3cmlake_27_2&amplang=kr
메이번 32수역,http://toscamp.com/map/mapviewer.php?map=f_3cmlake_27_3&amplang=kr
단풍숲 24_1,http://toscamp.com/map/mapviewer.php?map=f_maple_24_1&amplang=kr
단풍숲 24_2,http://toscamp.com/map/mapviewer.php?map=f_maple_24_2&amplang=kr
단풍숲 24_3,http://toscamp.com/map/mapviewer.php?map=f_maple_24_3&amplang=kr
제테오 해안,http://toscamp.com/map/mapviewer.php?map=f_coral_44_1&amplang=kr
아이테오 해안,http://toscamp.com/map/mapviewer.php?map=f_coral_44_2&amplang=kr
에페로타오 해안,http://toscamp.com/map/mapviewer.php?map=f_coral_44_3&amplang=kr
란코 26수역,http://toscamp.com/map/mapviewer.php?map=f_3cmlake_26_1&amplang=kr
란코22 수역,http://toscamp.com/map/mapviewer.php?map=f_3cmlake_26_2&amplang=kr
폐도 53_1,http://toscamp.com/map/mapviewer.php?map=f_dcapital_53_1&amplang=kr
아이템 던전,http://toscamp.com/map/mapviewer.php?map=d_itemdungeon_1&amplang=kr
마법사의 탑 길드 미션,http://toscamp.com/map/mapviewer.php?map=gid_firetower_01&amplang=kr
가시숲 길드 미션,http://toscamp.com/map/mapviewer.php?map=gid_thorn_01&amplang=kr
왕릉 길드 미션,http://toscamp.com/map/mapviewer.php?map=gid_zachariel_01&amplang=kr
협곡지대 길드 미션,http://toscamp.com/map/mapviewer.php?map=gid_rokas_01&amplang=kr
마족수감소 길드 미션,http://toscamp.com/map/mapviewer.php?map=gid_velniasprison_51_3&amplang=kr
마법사의 탑 인던,http://toscamp.com/map/mapviewer.php?map=id_firetower_02&amplang=kr
통합 길드배틀,http://toscamp.com/map/mapviewer.php?map=guild_mission_2_pvp&amplang=kr
통합 길드배틀 : 로스트 템플,http://toscamp.com/map/mapviewer.php?map=guild_mission_3_pvp&amplang=kr
유적지대,http://toscamp.com/map/mapviewer.php?map=mission_f_remains_38&amplang=kr
암속성 인던,http://toscamp.com/map/mapviewer.php?map=id_velniasprison_01&amplang=kr
지속성 인던,http://toscamp.com/map/mapviewer.php?map=id_maple_01&amplang=kr
업힐 디펜스,http://toscamp.com/map/mapviewer.php?map=mission_abbey_uphill&amplang=kr
록소나 지하시설 미션,http://toscamp.com/map/mapviewer.php?map=mission_d_castle_67_2&amplang=kr
광산 미션,http://toscamp.com/map/mapviewer.php?map=mission_d_cmine_66_1&amplang=kr
수도원 미션,http://toscamp.com/map/mapviewer.php?map=mission_d_abbey_39_4&amplang=kr
호수 미션,http://toscamp.com/map/mapviewer.php?map=mission_f_3cmlake_84&amplang=kr
수녀원 기록실 미션,http://toscamp.com/map/mapviewer.php?map=mission_d_abbey_35_3&amplang=kr
배틀럼블,http://toscamp.com/map/mapviewer.php?map=pvp_battlerumble&amplang=kr
과거 환상도서관 : 사우시스 9 관,http://toscamp.com/map/mapviewer.php?map=mission_fantasylibrary_1&amplang=kr
샤울레이 서쪽 숲,http://toscamp.com/map/mapviewer.php?map=f_siauliai_west&amplang=kr
렘파라사 연못,http://toscamp.com/map/mapviewer.php?map=f_siauliai_16&amplang=kr
샤울레이 동쪽 숲,http://toscamp.com/map/mapviewer.php?map=f_siauliai_2&amplang=kr
덧댄다리 숲,http://toscamp.com/map/mapviewer.php?map=f_siauliai_15_re&amplang=kr
샤울레이 광산 마을,http://toscamp.com/map/mapviewer.php?map=f_siauliai_out&amplang=kr
파우피스 나루,http://toscamp.com/map/mapviewer.php?map=f_siauliai_11_re&amplang=kr
수정광산 1층,http://toscamp.com/map/mapviewer.php?map=d_cmine_01&amplang=kr
아샤크 지하 감옥 1층,http://toscamp.com/map/mapviewer.php?map=d_prison_62_1&amplang=kr
수정광산 2층,http://toscamp.com/map/mapviewer.php?map=d_cmine_02&amplang=kr
아샤크 지하 감옥 2층,http://toscamp.com/map/mapviewer.php?map=d_prison_62_2&amplang=kr
수정광산 3층,http://toscamp.com/map/mapviewer.php?map=d_cmine_6&amplang=kr
아샤크 지하 감옥 3층,http://toscamp.com/map/mapviewer.php?map=d_prison_62_3&amplang=kr
스라우타스 협곡,http://toscamp.com/map/mapviewer.php?map=f_gele_57_1&amplang=kr
겔리 고원,http://toscamp.com/map/mapviewer.php?map=f_gele_57_2&amplang=kr
코루 숲,http://toscamp.com/map/mapviewer.php?map=f_bracken_63_1&amplang=kr
네프리타스 벼랑,http://toscamp.com/map/mapviewer.php?map=f_gele_57_3&amplang=kr
크니도스 숲,http://toscamp.com/map/mapviewer.php?map=f_bracken_63_2&amplang=kr
테넷 화원,http://toscamp.com/map/mapviewer.php?map=f_gele_57_4&amplang=kr
다단 숲,http://toscamp.com/map/mapviewer.php?map=f_bracken_63_3&amplang=kr
네밸랫 광산 1층,http://toscamp.com/map/mapviewer.php?map=d_cmine_66_1&amplang=kr
테넷 성당 지하 1층,http://toscamp.com/map/mapviewer.php?map=d_chapel_57_5&amplang=kr
네밸랫 광산 2층,http://toscamp.com/map/mapviewer.php?map=d_cmine_66_2&amplang=kr
테넷 성당 지상 1층,http://toscamp.com/map/mapviewer.php?map=d_chapel_57_6&amplang=kr
노바하 공회소,http://toscamp.com/map/mapviewer.php?map=d_abbey_64_1&amplang=kr
베야 골짜기,http://toscamp.com/map/mapviewer.php?map=f_huevillage_58_1&amplang=kr
테넷 성당 지상 2층,http://toscamp.com/map/mapviewer.php?map=d_chapel_57_7&amplang=kr
비에타 계곡,http://toscamp.com/map/mapviewer.php?map=f_huevillage_58_2&amplang=kr
노바하 별관,http://toscamp.com/map/mapviewer.php?map=d_abbey_64_2&amplang=kr
성당 지하 던전,http://toscamp.com/map/mapviewer.php?map=id_chaple&amplang=kr
코발트 숲,http://toscamp.com/map/mapviewer.php?map=f_huevillage_58_3&amplang=kr
파수꾼의 묘역,http://toscamp.com/map/mapviewer.php?map=id_catacomb_01&amplang=kr
노바하 본원,http://toscamp.com/map/mapviewer.php?map=d_abbey_64_3&amplang=kr
셉티니 골,http://toscamp.com/map/mapviewer.php?map=f_huevillage_58_4&amplang=kr
카롤리스 샘터,http://toscamp.com/map/mapviewer.php?map=f_katyn_10&amplang=kr
관문로,http://toscamp.com/map/mapviewer.php?map=d_thorn_19&amplang=kr
대왕의 관문,http://toscamp.com/map/mapviewer.php?map=f_rokas_24&amplang=kr
시르드겔라 숲,http://toscamp.com/map/mapviewer.php?map=d_thorn_20&amplang=kr
람스티스 협곡,http://toscamp.com/map/mapviewer.php?map=f_rokas_25&amplang=kr
레타스 개울가,http://toscamp.com/map/mapviewer.php?map=f_katyn_12&amplang=kr
크바일라스 숲,http://toscamp.com/map/mapviewer.php?map=d_thorn_21&amplang=kr
긴다리 계곡,http://toscamp.com/map/mapviewer.php?map=f_rokas_26&amplang=kr
펠케 신전터,http://toscamp.com/map/mapviewer.php?map=f_3cmlake_83&amplang=kr
아크멘스 능선,http://toscamp.com/map/mapviewer.php?map=f_rokas_27&amplang=kr
압셈타 수원지,http://toscamp.com/map/mapviewer.php?map=f_3cmlake_84&amplang=kr
틸타스 협곡,http://toscamp.com/map/mapviewer.php?map=f_rokas_28&amplang=kr
기티스의 개척지,http://toscamp.com/map/mapviewer.php?map=f_siauliai_50_1&amplang=kr
시에나칼 묘역,http://toscamp.com/map/mapviewer.php?map=id_catacomb_33_1&amplang=kr
루카스 고원,http://toscamp.com/map/mapviewer.php?map=f_rokas_29&amplang=kr
왕릉 노역자 숙소,http://toscamp.com/map/mapviewer.php?map=d_underfortress_59_1&amplang=kr
칼라일의 영묘,http://toscamp.com/map/mapviewer.php?map=id_catacomb_33_2&amplang=kr
왕의 고원,http://toscamp.com/map/mapviewer.php?map=f_rokas_30&amplang=kr
델무어 소작촌,http://toscamp.com/map/mapviewer.php?map=f_castle_65_1&amplang=kr
자카리엘 교차로,http://toscamp.com/map/mapviewer.php?map=f_rokas_31&amplang=kr
왕릉 건축자 예배당,http://toscamp.com/map/mapviewer.php?map=d_underfortress_59_2&amplang=kr
델무어 장원,http://toscamp.com/map/mapviewer.php?map=f_castle_65_2&amplang=kr
왕릉 1층,http://toscamp.com/map/mapviewer.php?map=d_zachariel_32&amplang=kr
페레토리 구릉,http://toscamp.com/map/mapviewer.php?map=f_pilgrimroad_31_1&amplang=kr
왕릉 적재소,http://toscamp.com/map/mapviewer.php?map=d_underfortress_59_3&amplang=kr
왕릉 2층,http://toscamp.com/map/mapviewer.php?map=d_zachariel_33&amplang=kr
아렐르노 남작령,http://toscamp.com/map/mapviewer.php?map=f_siauliai_47_4&amplang=kr
델무어 외성,http://toscamp.com/map/mapviewer.php?map=f_castle_65_3&amplang=kr
모치아 숲,http://toscamp.com/map/mapviewer.php?map=f_pilgrimroad_31_3&amplang=kr
미르키티 농장,http://toscamp.com/map/mapviewer.php?map=f_farm_47_3&amplang=kr
왕릉 3층,http://toscamp.com/map/mapviewer.php?map=d_zachariel_34&amplang=kr
수타티스 교역로,http://toscamp.com/map/mapviewer.php?map=f_pilgrimroad_31_2&amplang=kr
수로교 지역,http://toscamp.com/map/mapviewer.php?map=f_farm_47_2&amplang=kr
왕릉 4층,http://toscamp.com/map/mapviewer.php?map=d_zachariel_35&amplang=kr
유적지대 던전,http://toscamp.com/map/mapviewer.php?map=id_remains&amplang=kr
토페스 보루 1층,http://toscamp.com/map/mapviewer.php?map=d_castle_67_1&amplang=kr
벨라이 숲,http://toscamp.com/map/mapviewer.php?map=f_orchard_32_3&amplang=kr
테넌츠 농장,http://toscamp.com/map/mapviewer.php?map=f_farm_47_1&amplang=kr
왕릉 5층,http://toscamp.com/map/mapviewer.php?map=d_zachariel_36&amplang=kr
토페스 보루 2층,http://toscamp.com/map/mapviewer.php?map=d_castle_67_2&amplang=kr
비석로,http://toscamp.com/map/mapviewer.php?map=f_remains_37&amplang=kr
제라하,http://toscamp.com/map/mapviewer.php?map=f_orchard_34_2&amplang=kr
여신의 옛뜰,http://toscamp.com/map/mapviewer.php?map=f_remains_38&amplang=kr
세이르 숲,http://toscamp.com/map/mapviewer.php?map=f_orchard_32_4&amplang=kr
타보르 동굴,http://toscamp.com/map/mapviewer.php?map=d_limestonecave_73_1&amplang=kr
수정광산 2광구 1층,http://toscamp.com/map/mapviewer.php?map=d_cmine_8&amplang=kr
에산치우 마을,http://toscamp.com/map/mapviewer.php?map=f_remains_39&amplang=kr
갈르엣 평야,http://toscamp.com/map/mapviewer.php?map=f_rokas_36_1&amplang=kr
카틴 숲 입구,http://toscamp.com/map/mapviewer.php?map=f_katyn_7&amplang=kr
수정광산 2광구 2층,http://toscamp.com/map/mapviewer.php?map=d_cmine_9&amplang=kr
파사카 협곡,http://toscamp.com/map/mapviewer.php?map=f_pilgrimroad_36_2&amplang=kr
페디미안 외곽,http://toscamp.com/map/mapviewer.php?map=f_remains_40&amplang=kr
매너클 묘지,http://toscamp.com/map/mapviewer.php?map=f_katyn_7_2&amplang=kr
마나하스,http://toscamp.com/map/mapviewer.php?map=f_pilgrimroad_48&amplang=kr
염원의 비석로 던전,http://toscamp.com/map/mapviewer.php?map=id_remains3&amplang=kr
포슬린키스 숲,http://toscamp.com/map/mapviewer.php?map=f_katyn_13&amplang=kr
마법사의 탑 1층,http://toscamp.com/map/mapviewer.php?map=d_firetower_41&amplang=kr
게나르 평원,http://toscamp.com/map/mapviewer.php?map=f_pilgrimroad_49&amplang=kr
시카리오스 1층,http://toscamp.com/map/mapviewer.php?map=d_underfortress_68_1&amplang=kr
사크니스 벌판,http://toscamp.com/map/mapviewer.php?map=f_katyn_14&amplang=kr
마법사의 탑 2층,http://toscamp.com/map/mapviewer.php?map=d_firetower_42&amplang=kr
시카리오스 2층,http://toscamp.com/map/mapviewer.php?map=d_underfortress_68_2&amplang=kr
마법사의 탑 3층,http://toscamp.com/map/mapviewer.php?map=d_firetower_43&amplang=kr
드바시아 고개,http://toscamp.com/map/mapviewer.php?map=d_thorn_22&amplang=kr
큰아귀 길,http://toscamp.com/map/mapviewer.php?map=f_pilgrimroad_46&amplang=kr
해진깃발숲,http://toscamp.com/map/mapviewer.php?map=d_thorn_23&amplang=kr
마법사의 탑 4층,http://toscamp.com/map/mapviewer.php?map=d_firetower_44&amplang=kr
필그림 들길,http://toscamp.com/map/mapviewer.php?map=f_pilgrimroad_47&amplang=kr
마법사의 탑 5층,http://toscamp.com/map/mapviewer.php?map=d_firetower_45&amplang=kr
제단로,http://toscamp.com/map/mapviewer.php?map=f_pilgrimroad_50&amplang=kr
기원의 숲,http://toscamp.com/map/mapviewer.php?map=f_pilgrimroad_51&amplang=kr
쇠락한 르귄가문의 저택,http://toscamp.com/map/mapviewer.php?map=d_startower_60_1&amplang=kr
압시메스티 교차로,http://toscamp.com/map/mapviewer.php?map=f_pilgrimroad_52&amplang=kr
대성당 본당,http://toscamp.com/map/mapviewer.php?map=d_cathedral_53&amplang=kr
대성당 대회랑,http://toscamp.com/map/mapviewer.php?map=d_cathedral_54&amplang=kr
쇠락한 르귄가문의 던전,http://toscamp.com/map/mapviewer.php?map=ID_startower&amplang=kr
대성당 참회로,http://toscamp.com/map/mapviewer.php?map=f_pilgrimroad_55&amplang=kr
대성당 지성소,http://toscamp.com/map/mapviewer.php?map=d_cathedral_56&amplang=kr
그린가의 장원,http://toscamp.com/map/mapviewer.php?map=f_farm_49_1&amplang=kr
나콘 감옥,http://toscamp.com/map/mapviewer.php?map=d_prison_75_1&amplang=kr
마족수감소 1구역,http://toscamp.com/map/mapviewer.php?map=d_velniasprison_51_1&amplang=kr
샤튼 농장,http://toscamp.com/map/mapviewer.php?map=f_farm_49_2&amplang=kr
마족수감소 2구역,http://toscamp.com/map/mapviewer.php?map=d_velniasprison_51_2&amplang=kr
샤튼 저수구역,http://toscamp.com/map/mapviewer.php?map=f_farm_49_3&amplang=kr
마족수감소 3구역,http://toscamp.com/map/mapviewer.php?map=d_velniasprison_51_4&amplang=kr
다이나 양봉지,http://toscamp.com/map/mapviewer.php?map=f_siauliai_46_4&amplang=kr
무너진 저택가,http://toscamp.com/map/mapviewer.php?map=mission_remains_01&amplang=kr
마족수감소 4구역,http://toscamp.com/map/mapviewer.php?map=d_velniasprison_51_3&amplang=kr
제2 마족수감소,http://toscamp.com/map/mapviewer.php?map=d_velniasprison_54_1&amplang=kr
빌나 숲,http://toscamp.com/map/mapviewer.php?map=f_siauliai_46_3&amplang=kr
마족수감소 5구역,http://toscamp.com/map/mapviewer.php?map=d_velniasprison_51_5&amplang=kr
우키스 경작지,http://toscamp.com/map/mapviewer.php?map=f_siauliai_46_2&amplang=kr
누오로딘 폭포,http://toscamp.com/map/mapviewer.php?map=f_remains_37_1&amplang=kr
봄볕나무 숲,http://toscamp.com/map/mapviewer.php?map=f_siauliai_46_1&amplang=kr
공허의 가시숲,http://toscamp.com/map/mapviewer.php?map=id_thorn2&amplang=kr
나타흐 망루,http://toscamp.com/map/mapviewer.php?map=d_startower_76_1&amplang=kr
나뮤 사원터,http://toscamp.com/map/mapviewer.php?map=f_remains_37_2&amplang=kr
글라데 언덕길,http://toscamp.com/map/mapviewer.php?map=d_thorn_39_2&amplang=kr
덩굴 숲 던전,http://toscamp.com/map/mapviewer.php?map=id_thorn&amplang=kr
빌티스 숲,http://toscamp.com/map/mapviewer.php?map=d_thorn_39_1&amplang=kr
이스토라 유적지,http://toscamp.com/map/mapviewer.php?map=f_remains_37_3&amplang=kr
록소나 재건단 서관,http://toscamp.com/map/mapviewer.php?map=d_firetower_61_1&amplang=kr
라우키메 저습지,http://toscamp.com/map/mapviewer.php?map=d_thorn_39_3&amplang=kr
록소나 재건단 동관,http://toscamp.com/map/mapviewer.php?map=d_firetower_61_2&amplang=kr
틸라 수도원,http://toscamp.com/map/mapviewer.php?map=d_abbey_39_4&amplang=kr
베르크티 광장,http://toscamp.com/map/mapviewer.php?map=f_flash_59&amplang=kr
록소나 장터,http://toscamp.com/map/mapviewer.php?map=f_flash_60&amplang=kr
모크슬 묘실,http://toscamp.com/map/mapviewer.php?map=id_catacomb_38_2&amplang=kr
루클리스 거리,http://toscamp.com/map/mapviewer.php?map=f_flash_61&amplang=kr
타테나이 수감소,http://toscamp.com/map/mapviewer.php?map=d_velniasprison_77_1&amplang=kr
리티니스 지하묘,http://toscamp.com/map/mapviewer.php?map=id_catacomb_04&amplang=kr
중심시가,http://toscamp.com/map/mapviewer.php?map=f_flash_63&amplang=kr
바이덴티스 신당,http://toscamp.com/map/mapviewer.php?map=id_catacomb_38_1&amplang=kr
내성곽지구,http://toscamp.com/map/mapviewer.php?map=f_flash_64&amplang=kr
발류스의 영면지,http://toscamp.com/map/mapviewer.php?map=id_catacomb_02&amplang=kr
대지의 요새 전초구역,http://toscamp.com/map/mapviewer.php?map=d_underfortress_65&amplang=kr
대마법사의 타워,http://toscamp.com/map/mapviewer.php?map=ID_firetower&amplang=kr
카타콤 지하 던전2,http://toscamp.com/map/mapviewer.php?map=id_catacomb2&amplang=kr
대지의 요새 대립의 훈련장,http://toscamp.com/map/mapviewer.php?map=d_underfortress_66&amplang=kr
연안요새,http://toscamp.com/map/mapviewer.php?map=f_flash_29_1&amplang=kr
대지의 요새 거주구역,http://toscamp.com/map/mapviewer.php?map=d_underfortress_67&amplang=kr
딩고파실 지구,http://toscamp.com/map/mapviewer.php?map=f_flash_58&amplang=kr
베다 고원,http://toscamp.com/map/mapviewer.php?map=f_tableland_11_1&amplang=kr
네이포트 성당 동관,http://toscamp.com/map/mapviewer.php?map=d_cathedral_78_1&amplang=kr
대지의 요새 저장구역,http://toscamp.com/map/mapviewer.php?map=d_underfortress_68&amplang=kr
메사파슬라,http://toscamp.com/map/mapviewer.php?map=f_tableland_28_1&amplang=kr
대지의 요새 결전지,http://toscamp.com/map/mapviewer.php?map=d_underfortress_69&amplang=kr
스토가스 고원,http://toscamp.com/map/mapviewer.php?map=f_tableland_28_2&amplang=kr
깊숙한 지하감옥 던전,http://toscamp.com/map/mapviewer.php?map=id_underfortress&amplang=kr
알레멧 숲,http://toscamp.com/map/mapviewer.php?map=f_orchard_34_1&amplang=kr
바르하 숲,http://toscamp.com/map/mapviewer.php?map=f_orchard_34_3&amplang=kr
나하스 숲,http://toscamp.com/map/mapviewer.php?map=f_siauliai_35_1&amplang=kr
베라 연안,http://toscamp.com/map/mapviewer.php?map=f_coral_35_2&amplang=kr
엘고스 수도원 별관,http://toscamp.com/map/mapviewer.php?map=d_abbey_35_3&amplang=kr
대지의 요새 루클리스 전당,http://toscamp.com/map/mapviewer.php?map=d_underfortress_30_1&amplang=kr
카타콤 지하 던전,http://toscamp.com/map/mapviewer.php?map=id_catacomb&amplang=kr
샤레저 묘실,http://toscamp.com/map/mapviewer.php?map=d_zachariel_79_1&amplang=kr
크란토 연안,http://toscamp.com/map/mapviewer.php?map=f_coral_32_1&amplang=kr
엘고스 수도원 본원,http://toscamp.com/map/mapviewer.php?map=d_abbey_35_4&amplang=kr
대지의 요새 확장구역,http://toscamp.com/map/mapviewer.php?map=d_underfortress_30_2&amplang=kr
이기티 연안,http://toscamp.com/map/mapviewer.php?map=f_coral_32_2&amplang=kr
이브레 고원,http://toscamp.com/map/mapviewer.php?map=f_tableland_70&amplang=kr
대지의 요새 피난거주구,http://toscamp.com/map/mapviewer.php?map=d_underfortress_30_3&amplang=kr
네탄멜레크 영묘,http://toscamp.com/map/mapviewer.php?map=d_zachariel_79_2&amplang=kr
마당 고원,http://toscamp.com/map/mapviewer.php?map=f_tableland_71&amplang=kr
그리나스 숲길,http://toscamp.com/map/mapviewer.php?map=f_katyn_45_1&amplang=kr
스벤티마스 유형지,http://toscamp.com/map/mapviewer.php?map=f_tableland_72&amplang=kr
그리나스 수련장,http://toscamp.com/map/mapviewer.php?map=f_katyn_45_2&amplang=kr
카듀멜 절벽,http://toscamp.com/map/mapviewer.php?map=f_tableland_73&amplang=kr
강철 고원,http://toscamp.com/map/mapviewer.php?map=f_tableland_74&amplang=kr
그리나스 구릉지,http://toscamp.com/map/mapviewer.php?map=f_katyn_45_3&amplang=kr
타우마스 숲길,http://toscamp.com/map/mapviewer.php?map=f_pilgrimroad_41_1&amplang=kr
칼레이마스 접견소,http://toscamp.com/map/mapviewer.php?map=d_prison_78&amplang=kr
푸른 요새 던전,http://toscamp.com/map/mapviewer.php?map=id_castle&amplang=kr
살비야스 숲,http://toscamp.com/map/mapviewer.php?map=f_pilgrimroad_41_2&amplang=kr
칼레이마스 보관실,http://toscamp.com/map/mapviewer.php?map=d_prison_79&amplang=kr
섹타 숲,http://toscamp.com/map/mapviewer.php?map=f_pilgrimroad_41_4&amplang=kr
칼레이마스 독방구역,http://toscamp.com/map/mapviewer.php?map=d_prison_80&amplang=kr
래스보이 호숫가,http://toscamp.com/map/mapviewer.php?map=f_pilgrimroad_41_3&amplang=kr
칼레이마스 작업장,http://toscamp.com/map/mapviewer.php?map=d_prison_81&amplang=kr
오아쓰 기념지,http://toscamp.com/map/mapviewer.php?map=f_pilgrimroad_41_5&amplang=kr
칼레이마스 심문실,http://toscamp.com/map/mapviewer.php?map=d_prison_82&amplang=kr
메이번 대수도원,http://toscamp.com/map/mapviewer.php?map=d_abbey_41_6&amplang=kr
코노트 숲,http://toscamp.com/map/mapviewer.php?map=f_bracken_42_1&amplang=kr
내성벽 제 8구역,http://toscamp.com/map/mapviewer.php?map=f_castle_20_3&amplang=kr
내성벽 제 9구역,http://toscamp.com/map/mapviewer.php?map=f_castle_20_2&amplang=kr
네토 숲,http://toscamp.com/map/mapviewer.php?map=f_maple_25_1&amplang=kr
카마돈 숲,http://toscamp.com/map/mapviewer.php?map=f_bracken_42_2&amplang=kr
외성벽 제 9구역,http://toscamp.com/map/mapviewer.php?map=f_castle_20_1&amplang=kr
스팔빈가스 숲,http://toscamp.com/map/mapviewer.php?map=f_maple_25_2&amplang=kr
테브린 종유동 1구역,http://toscamp.com/map/mapviewer.php?map=d_limestonecave_52_1&amplang=kr
도심성벽 제 8구역,http://toscamp.com/map/mapviewer.php?map=f_castle_20_4&amplang=kr
라다르 숲,http://toscamp.com/map/mapviewer.php?map=f_maple_25_3&amplang=kr
캐슬 던전,http://toscamp.com/map/mapviewer.php?map=id_castle2&amplang=kr
테브린 종유동 2구역,http://toscamp.com/map/mapviewer.php?map=d_limestonecave_52_2&amplang=kr
제로멜 공원,http://toscamp.com/map/mapviewer.php?map=f_dcapital_20_5&amplang=kr
티메리스 사원,http://toscamp.com/map/mapviewer.php?map=id_catacomb_25_4&amplang=kr
테브린 종유동 3구역,http://toscamp.com/map/mapviewer.php?map=d_limestonecave_52_3&amplang=kr
요나엘 기념구,http://toscamp.com/map/mapviewer.php?map=f_dcapital_20_6&amplang=kr
테브린 종유동 4구역,http://toscamp.com/map/mapviewer.php?map=d_limestonecave_52_4&amplang=kr
쿨레 고개,http://toscamp.com/map/mapviewer.php?map=f_katyn_18&amplang=kr
테브린 종유동 5구역,http://toscamp.com/map/mapviewer.php?map=d_limestonecave_52_5&amplang=kr
타니엘 1세 기념구,http://toscamp.com/map/mapviewer.php?map=f_dcapital_103&amplang=kr
아르커스 숲,http://toscamp.com/map/mapviewer.php?map=f_bracken_43_1&amplang=kr
지마 수코트,http://toscamp.com/map/mapviewer.php?map=d_firetower_69_1&amplang=kr
파마르 숲,http://toscamp.com/map/mapviewer.php?map=f_bracken_43_2&amplang=kr
마르튀스 저장실,http://toscamp.com/map/mapviewer.php?map=d_firetower_69_2&amplang=kr
지부리나스 숲,http://toscamp.com/map/mapviewer.php?map=f_bracken_43_3&amplang=kr
에메트 숲,http://toscamp.com/map/mapviewer.php?map=f_whitetrees_23_1&amplang=kr
몰로게오 숲,http://toscamp.com/map/mapviewer.php?map=f_bracken_43_4&amplang=kr
피스티스 숲,http://toscamp.com/map/mapviewer.php?map=f_maple_23_2&amplang=kr
알렘빅 동굴,http://toscamp.com/map/mapviewer.php?map=d_limestonecave_55_1&amplang=kr
노브리어 숲,http://toscamp.com/map/mapviewer.php?map=f_whitetrees_21_2&amplang=kr
실라 숲,http://toscamp.com/map/mapviewer.php?map=f_whitetrees_23_3&amplang=kr
유데이안 숲,http://toscamp.com/map/mapviewer.php?map=f_whitetrees_21_1&amplang=kr
미쉐칸 숲,http://toscamp.com/map/mapviewer.php?map=f_whitetrees_56_1&amplang=kr
